Model,Type,Mean Accuracy (%),Std Accuracy,Mean F1 Score,Std F1
VGG16,Individual,89.64059196617335,4.891714961165544,0.8956616074025999,0.05087791083963716
VGG19,Individual,91.0324171952079,3.9838438229688196,0.9099736103698278,0.04045414069921054
RESNET34,Individual,91.80761099365752,3.4016052663222167,0.9182400015768942,0.03442899851301661
DENSENET161,Individual,89.64411557434813,3.7007683524338297,0.8958577366681417,0.03819978710554525
ENSEMBLE,Stacked,92.42776603241718,3.558327888354789,0.9242483558802713,0.03567910848047131
